,Accuracy,F1 Score
Random Forest,0.8048148148148148,0.7997970327409182
SVM,0.7759259259259259,0.7727164325501409
Gradient Boosting,0.7644444444444445,0.7607816778478937
Logistic Regression,0.6418518518518519,0.6312579615514082
MLP,0.262037037037037,0.18422840815171765
